反应类型,金属元素,主要产物,数值,单位,条件
HER,"Ni(69.00%), Co(19.07%), Fe(11.48%), Cu(0.40%), Zn(0.05%)",,280,mV,"10 mA cm-2"
OER,"Ni(69.00%), Co(19.07%), Fe(11.48%), Cu(0.40%), Zn(0.05%)",,310,mV,"10 mA cm-2"
HzOR,"Ni(69.00%), Co(19.07%), Fe(11.48%), Cu(0.40%), Zn(0.05%)",,90,mV,"10 mA cm-2"
UOR,"Ni(69.00%), Co(19.07%), Fe(11.48%), Cu(0.40%), Zn(0.05%)",,1.35,V,"10 mA cm-2"
ORR,"Ni(69.00%), Co(19.07%), Fe(11.48%), Cu(0.40%), Zn(0.05%)",,0.82,V,
HOR,"Ni(69.00%), Co(19.07%), Fe(11.48%), Cu(0.40%), Zn(0.05%)",,0.35,mA cm-2,
EOR,"Ni(69.00%), Co(19.07%), Fe(11.48%), Cu(0.40%), Zn(0.05%)",,1.60,A mg^-1,
O5H,"Ni(69.00%), Co(19.07%), Fe(11.48%), Cu(0.40%), Zn(0.05%)",,92,%, "1 M KOH"
CO2RR,"Ni(69.00%), Co(19.07%), Fe(11.48%), Cu(0.40%), Zn(0.05%)",CO,180,mA cm-2,"-0.8 V vs RHE"

